{"feature_1": 1, "feature_2": 1, "feature_3": 1, "feature_4": 1, "feature_5": 0.11273957158962794, "feature_6": 0.11273957158962794, "feature_7": 0.11273957158962794, "feature_8": 0.11273957158962794, "feature_9": 0.16778523489932887, "feature_10": 0.16778523489932887, "feature_11": 0.16778523489932887, "feature_12": 0.16778523489932887, "feature_13": 0.18450184501845018, "feature_14": 0.18450184501845018, "feature_15": 0.18450184501845018, "feature_16": 0.18450184501845018, "feature_17": 0.1251564455569462, "feature_18": 0.1251564455569462, "feature_19": 0.1251564455569462, "feature_20": 0.1251564455569462, "feature_21": 0.20242914979757087, "feature_22": 0.20242914979757087, "feature_23": 0.20242914979757087, "feature_24": 0.20242914979757087, "feature_25": 0.14577259475218657, "feature_26": 0.14577259475218657, "feature_27": 0.14577259475218657, "feature_28": 0.14577259475218657}